question,expected_answer,ground_truth_chunk_ids,review_status,hop_type
"Theo các bài hướng dẫn VinFast, đối với xe máy điện dùng pin LFP và Vento thì hạn chót thanh toán phí thuê pin của tháng trước là khi nào, còn với ô tô điện thì người dùng tra cứu chi phí từng lần sạc (gồm cả phụ phí) ở mục nào của ứng dụng?","Với xe máy điện chạy pin LFP và Vento, áp dụng thanh toán TRẢ SAU: toàn bộ chi phí thuê pin của tháng trước phải hoàn thành muộn nhất ngày 5 của tháng tiếp theo. Với ô tô điện, người dùng vào mục 'Lịch sử sạc' (Bước 3: bấm vào một lịch sạc cụ thể) để xem chi tiết thời gian, địa điểm, chi phí sạc và phụ phí sạc (nếu có).","url_2f24a1b20627_1-3-m-t-s-l-u-khi-thanh-to-n-chi-ph-thu-pin-xe-m-y-i-n-vinfast_c001,url_5c078d94d02b_3-h-ng-d-n-s-d-ng-ng-d-ng-vinfast-cho-t-i-n-qu-n-l-t-nh-n-ng-pin-v-s-c_c002",approved,relational
"Tổng cộng có bao nhiêu trạm sạc VinFast được liệt kê cho hai huyện/quận Ba Vì và Ba Đình ở Hà Nội theo các bảng danh sách, và trong đó trạm nào ở Ba Đình phục vụ cả ô tô điện lẫn xe máy điện?","Ba Vì có 4 trạm (Trạm dừng nghỉ Sữa Ất Thảo 2; Trạm dừng nghỉ sữa Chị Vàng xã Tản Lĩnh; Cửa hàng xăng dầu Phú Sơn; TTTM Lan Chi Ba Vì). Ba Đình liệt kê 5 mục (1 Khách sạn La Thành, 2 Vincom Center Metropolis, 3-5 Vinhomes Metropolis). Tổng cộng 4 + 5 = 9 trạm/mục được liệt kê. Trạm ở Ba Đình phục vụ cả ô tô điện và xe máy điện là Vincom Center Metropolis (số 29 Liễu Giai).","url_aae5676e6175_2-2-danh-s-ch-tr-m-s-c-vinfast-huy-n-ba-v-tp-h-n-i_c001,url_aae5676e6175_2-1-danh-s-ch-tr-m-s-c-vinfast-qu-n-ba-nh-tp-h-n-i_c001",approved,aggregation
"Theo cập nhật ESHIA, mục tiêu công suất sản xuất ô tô hằng năm của Tổ hợp VinFast tại Hải Phòng đã thay đổi như thế nào từ bản 9/2020 sang bản 5/2025, và dự án này được khánh thành vào năm nào?","Mục tiêu công suất ô tô giảm từ 'đến 1 triệu xe ô tô' (bản ESHIA 9/2020) xuống 'đến 500 nghìn xe ô tô' (cập nhật 5/2025), tức giảm một nửa. Dự án được khánh thành vào năm 2019.","url_b694fad2baba_1-c-p-nh-t-chung_c001,url_b694fad2baba_c-ng-b-th-ng-tin-d-n-t-h-p-s-n-xu-t-t_c001",approved,multi_step
"Trong ba mẫu xe điện Minio Green, Herio Green và Limo Green, mẫu nào có quãng đường di chuyển 1 lần sạc đầy xa nhất theo tiêu chuẩn NEDC, và quãng đường đó là bao nhiêu km?","Limo Green xa nhất với 450 km (NEDC). So sánh: Minio Green 210 km, Herio Green 326 km, Limo Green 450 km.","url_979c49b59ecf_minio-green_c001,url_979c49b59ecf_herio-green_c001,url_979c49b59ecf_limo-green_c001",approved,comparison
"Trong các công cụ hỗ trợ khách hàng trên website VinFast, công cụ 'Chi phí lăn bánh' dùng để làm gì và quy trình tính giá lăn bánh gồm mấy bước?","Công cụ 'Chi phí lăn bánh' dùng để tính toán các chi phí liên quan của xe đến thời điểm lăn bánh (giá xe, ưu đãi, phí đăng ký, đăng kiểm, phí bảo trì, bảo hiểm...). Quy trình tính giá lăn bánh gồm 5 bước (chọn mẫu xe, chọn phiên bản, chọn tỉnh/thành phố, chọn phương thức thanh toán, màn hình hiển thị giá).","url_677777284d5f_vinfast-hi-n-c-nh-ng-c-ng-c-h-tr-kh-ch-h-ng-n-o_c001,url_677777284d5f_l-m-sao-t-nh-gi-l-n-b-nh-xe-vinfast_c001",approved,relational
"Nếu một khách hàng trúng cả ba giải ô tô điện trong chương trình 'Chuyển đổi xanh - Rinh ngay VF 7' (VF 7 Eco, VF 5 Plus, VF 3), thì tổng trị giá ba xe đó vẫn còn thấp hơn hay cao hơn giá khởi điểm niêm yết của một chiếc VinFast VF 8?","Tổng trị giá ba xe ô tô điện trúng thưởng là 799 + 529 + 299 = 1.627 triệu đồng (1,627 tỷ), cao hơn giá khởi điểm niêm yết của VinFast VF 8 là 1,106 tỷ đồng (VF 8 Eco không kèm pin). Tức cao hơn khoảng 521 triệu đồng.","url_0b7e7f59ae8f_vinfast-t-ng-27-5-t-ng-cho-kh-ch-h-ng-mua-xe-m-y-i-n_c001,url_44b5f1b8f060_2-vinfast-vf-8-gi-bao-nhi-u-gi-xe-vf-8-ni-m-y-t-v-l-n-b-nh-2024_c001",approved,aggregation
"VinFast dừng cung cấp dịch vụ cho thuê pin ô tô điện từ ngày nào, và với khách ô tô điện vẫn đang thuê pin thì hạn chót thanh toán cước thuê pin hàng tháng là ngày bao nhiêu?","VinFast chính thức dừng cung cấp dịch vụ cho thuê pin đối với ô tô điện kể từ ngày 01/03/2025; khách hàng đang thuê vẫn dùng tiếp được. Với ô tô điện, cước thuê pin phải thanh toán muộn nhất vào ngày 14 hàng tháng cho cước của tháng trước đó.","url_665d539547bb_d-ch-v-pin-t-i-n-vinfast_c001,url_8eb05fc580e3_c-u-h-i-th-ng-g-p-v-thu-pin-v-s-c-pin-t-i-n-vinfast_c001",approved,multi_step
So sánh công suất tối đa của động cơ điện giữa Minio Green và Limo Green; chênh lệch công suất giữa hai mẫu là bao nhiêu kW?,"Minio Green 30 kW, Limo Green 150 kW; chênh lệch 150 - 30 = 120 kW (Limo Green mạnh hơn).","url_979c49b59ecf_minio-green_c001,url_979c49b59ecf_limo-green_c001",approved,comparison
"Tài liệu nêu sạc nhanh ô tô điện rút thời gian sạc và sạc cấp tốc còn nhanh hơn; nhưng theo phần các yếu tố ảnh hưởng tuổi thọ pin, việc lạm dụng sạc nhanh gây hại gì cho pin?","Sạc nhanh có công suất 7kW-22kW, thời gian chỉ bằng 1/2 sạc tiêu chuẩn (khoảng 3-4 giờ), còn sạc cấp tốc từ 43kW trở lên chỉ mất 30-60 phút. Tuy nhiên, lạm dụng sạc nhanh ảnh hưởng trực tiếp đến chất lượng pin: khi sạc nhanh, hiện tượng tỏa nhiệt có thể gây phản ứng giữa các chất bên trong làm biến đổi thành phần, và thành phần mới tạo ra không có khả năng lưu trữ điện năng (làm giảm tuổi thọ pin).","url_9c13dfa9af91_5-h-ng-d-n-s-c-pin-xe-i-n-ng-c-ch_c001,url_9c13dfa9af91_4-c-c-y-u-t-nh-h-ng-tu-i-th-pin-t-i-n_c002",approved,relational
"Cộng dồn ba mức quãng đường khuyến cáo bảo dưỡng/kiểm tra định kỳ đầu tiên của ba nhóm xe VinFast: xe xăng Lux A2.0, xe điện VF e34, và xe máy điện VinFast thì tổng là bao nhiêu km?",Lux A2.0: 8.000km + VF e34: 12.000km + xe máy điện VinFast: 1.000km = 21.000km.,"url_ce7fadbe4cec_1-1-b-o-d-ng-xe-t-x-ng-vinfast_c001,url_ce7fadbe4cec_1-2-b-o-d-ng-xe-t-i-n-vinfast_c001,url_ce7fadbe4cec_2-c-c-b-ph-n-c-n-b-o-d-ng-nh-k-tr-n-xe-m-y-i-n-vinfast_c001",approved,aggregation
Mẫu ô tô điện được dùng làm giải thưởng có giá trị cao nhất trong chương trình 'Chuyển đổi xanh - Rinh ngay VF 7' có giá trị bằng khoảng bao nhiêu phần trăm so với giá niêm yết khởi điểm của VinFast VF 8?,"Giải ô tô điện có giá trị cao nhất là VinFast VF 7 Eco, trị giá 799 triệu đồng. Giá niêm yết khởi điểm của VF 8 (Eco không kèm pin) là 1.106 tỷ = 1.106 triệu đồng. Vậy 799 / 1.106 ≈ 72%, tức VF 7 Eco có giá bằng khoảng 72% giá khởi điểm của VF 8.","url_0b7e7f59ae8f_vinfast-t-ng-27-5-t-ng-cho-kh-ch-h-ng-mua-xe-m-y-i-n_c001,url_44b5f1b8f060_t-ng-quan-t-i-n-vinfast-vf-8-2024-th-ng-s-gi-b-n-u-i-chi-ti-t_c001",approved,multi_step
"Giữa Minio Green và Herio Green, mẫu nào có công suất sạc nhanh DC tối đa cao hơn và cao hơn cụ thể như thế nào?","Herio Green có sạc nhanh DC tối đa 50 kW, cao hơn Minio Green (sạc nhanh DC tối đa từ 24 kW trở lên). Herio Green cao hơn.","url_979c49b59ecf_minio-green_c001,url_979c49b59ecf_herio-green_c001",approved,comparison
"Cùng được hỗ trợ qua tổng đài hotline 1900 23 23 89, VinFast vừa cho phép khách hàng đăng ký mua xe theo những hình thức nào, vừa chấp nhận thanh toán xe máy điện theo những hình thức nào? Hãy liệt kê đầy đủ cả hai nhóm.","Hotline 1900 23 23 89 là điểm chung giữa hai nhóm. Về đăng ký/đặt mua, có 3 hình thức: (1) liên hệ tổng đài CSKH qua hotline 1900 23 23 89, (2) đăng ký trực tiếp tại Showroom/Đại lý VinFast, (3) qua website Vinfastauto.com. Về thanh toán xe máy điện, có 6 hình thức: (1) tiền mặt khi nhận xe, (2) thẻ quốc tế Visa/Master/JCB (qua Onepay hoặc Payoo), (3) thẻ ATM nội địa/Internet Banking, (4) chuyển khoản ngân hàng, (5) trả góp qua thẻ tín dụng, (6) trả góp qua công ty tài chính ACS, MCredit.","url_bc565884e819_ch-nh-s-ch-b-n-h-ng_c001,url_bc565884e819_t-i-c-th-thanh-to-n-xe-m-y-i-n-b-ng-nh-ng-h-nh-th-c-thanh-to-n-n-o_c001",approved,relational
Tài liệu nêu hai công trình kỷ lục của Vingroup gắn với thời gian thi công cực ngắn: khu nghỉ dưỡng Vinpearl Nha Trang và khu đô thị Vinhomes Riverside. Cộng tổng thời gian thi công được nêu của hai công trình này là bao nhiêu tháng?,Vinpearl Nha Trang được xây dựng chỉ trong 18 tháng. Vinhomes Riverside khởi công năm 2011 và chỉ sau 8 tháng đã hình thành. Tổng thời gian thi công nêu trong tài liệu là 18 + 8 = 26 tháng.,"url_3daea9e810b4_01_c001,url_3daea9e810b4_01_c003",approved,aggregation
"Một khách hàng ở Hải Phòng dùng ô tô điện VinFast: họ có thể đặt dịch vụ sửa chữa lưu động (Mobile Service) ngay tại Hải Phòng không, và nếu xe hết pin trên đường tại Hải Phòng thì có thuộc phạm vi cứu hộ pin 300.000 VNĐ của VinFast không?","Có thể dùng Mobile Service ở Hải Phòng vì Hải Phòng nằm trong 5 thành phố áp dụng (Hà Nội, TP. Hồ Chí Minh, Hải Phòng, Đà Nẵng, Cần Thơ). Nhưng cứu hộ pin 300.000 VNĐ chỉ áp dụng trong bán kính 100km tính từ cửa ngõ 3 thành phố Hà Nội, Đà Nẵng, Hồ Chí Minh — Hải Phòng KHÔNG nằm trong 3 thành phố này nên không thuộc phạm vi cứu hộ pin (trừ khi nằm trong bán kính 100km từ Hà Nội).","url_3ad37555f8c4_1-2-d-ch-v-s-a-ch-a-l-u-ng-vinfast-mobile-service_c001,url_3ad37555f8c4_1-3-d-ch-v-c-u-h-pin-t-i-n-vinfast-24-7_c001",approved,multi_step
"Khi gập hết các hàng ghế để mở rộng khoang chứa đồ, dung tích khoang hành lý tối đa của Minio Green so với Limo Green chênh nhau bao nhiêu lít?",Minio Green khi gập hết ghế đạt 542 L; Limo Green khi gập hàng ghế thứ ba đạt 606 L. Chênh lệch 606 - 542 = 64 L (Limo Green lớn hơn).,"url_979c49b59ecf_minio-green_c002,url_979c49b59ecf_limo-green_c002",approved,comparison
"Trong chương trình 'Chuyển đổi xanh - Rinh ngay VF 7', VinFast trao ba mẫu ô tô điện làm giải thưởng. Theo chính sách bảo hành chung của VinFast, có một mẫu xe duy nhất không được áp dụng thời hạn bảo hành tiêu chuẩn 10 năm hoặc 200.000 km. Mẫu ô tô điện nào nằm trong số giải thưởng của chương trình lại chính là ngoại lệ đó, và trị giá của nó được công bố là bao nhiêu?","Đó là VinFast VF 5 Plus. Trong chính sách bảo hành, tất cả các mẫu ô tô VinFast đều được bảo hành 10 năm hoặc 200.000 km (tùy điều kiện nào đến trước) ngoại trừ VF 5 Plus. VF 5 Plus cũng là một trong ba mẫu ô tô điện được trao làm giải thưởng của chương trình 'Chuyển đổi xanh - Rinh ngay VF 7', với trị giá được công bố là 529 triệu đồng.","url_44b5f1b8f060_t-ng-quan-t-i-n-vinfast-vf-8-2024-th-ng-s-gi-b-n-u-i-chi-ti-t_c002,url_0b7e7f59ae8f_vinfast-t-ng-27-5-t-ng-cho-kh-ch-h-ng-mua-xe-m-y-i-n_c001",approved,relational
"Trong các mẫu xe máy điện thế hệ mới của VinFast, mẫu nào có công suất động cơ tối đa lớn nhất, và mẫu đó có tốc độ tối đa bao nhiêu km/h?","Theon S có công suất động cơ tối đa lớn nhất là 7.100W (so với Evo200 1.500W, Feliz S 3.000W, Klara S 2022 3.000W, Vento S 5.200W). Theon S có tốc độ tối đa 99km/h.","url_b0d0a73c8c59_1-1-xe-m-y-i-n-vinfast-evo200-i-c-203km-sau-m-t-l-n-s-c-y_c001,url_b0d0a73c8c59_1-2-xe-m-y-i-n-vinfast-feliz-s-i-c-198km-sau-m-t-l-n-s-c-y_c001,url_b0d0a73c8c59_1-4-xe-m-y-i-n-vinfast-vento-s-i-c-160km-sau-m-t-l-n-s-c-y_c001,url_b0d0a73c8c59_1-5-xe-m-y-i-n-vinfast-theon-s-i-c-150km-sau-m-t-l-n-s-c-y_c001",approved,aggregation
"Đối với xe máy điện VinFast, dòng Theon áp dụng hình thức thanh toán phí thuê pin nào, và để thanh toán phí thuê pin đó qua ứng dụng E-Scooter thì khách hàng bắt buộc phải làm gì với email cá nhân?","Dòng Theon (cùng Ludo, Impes, Klara S) áp dụng phương thức thanh toán TRẢ TRƯỚC. Để thanh toán phí thuê pin qua ứng dụng E-Scooter, khách hàng bắt buộc phải đồng bộ Email cá nhân với ứng dụng VinFast (và tạo tài khoản bằng số điện thoại đã đăng ký sở hữu xe).","url_2f24a1b20627_1-3-m-t-s-l-u-khi-thanh-to-n-chi-ph-thu-pin-xe-m-y-i-n-vinfast_c001,url_2f24a1b20627_1-1-thanh-to-n-chi-ph-thu-pin-xe-m-y-i-n-vinfast-qua-ng-d-ng-e-scooter_c001",approved,multi_step
"Cùng là gói thuê pin xe máy điện VinFast tính tròn tháng đã gồm VAT, gói thuê 1 pin không giới hạn km có giá rẻ hơn hay đắt hơn so với gói 1 pin 220.000 VNĐ/tháng, và chênh lệch bao nhiêu?","Gói thuê 1 pin không giới hạn km có giá 175.000 VNĐ/tháng, rẻ hơn gói 1 pin 220.000 VNĐ/tháng. Chênh lệch là 220.000 - 175.000 = 45.000 VNĐ/tháng.","url_ffcc76d02607_g-i-thu-pin-tr-n-th-ng-bao-g-m-vat_c001,url_ffcc76d02607_pin-v-tr-m-s-c-xe-m-y-i-n_c002",approved,comparison
"Theo các hướng dẫn của VinFast, để có thể sử dụng dịch vụ tại hệ thống trạm sạc công cộng trên toàn quốc thì người dùng xe máy điện phải đáp ứng điều kiện gì khi tạo tài khoản trên ứng dụng E-Scooter, và đối với người dùng ô tô điện thì ứng dụng VinFast hỗ trợ tìm trạm sạc gần nhất bằng cách nào khi họ kiểm tra trạng thái Pin và Sạc?","Với xe máy điện, theo quy định người dùng phải tạo tài khoản bằng số điện thoại đã đăng ký sở hữu xe VinFast thì mới có thể sử dụng các dịch vụ tại hệ thống trạm sạc công cộng trên toàn quốc (và bắt buộc đồng bộ email cá nhân với ứng dụng). Với ô tô điện, khi người dùng truy cập tính năng Pin và Sạc ở trang chủ, ứng dụng sẽ hiển thị mức pin hiện tại của xe cùng danh sách trạm sạc gần nhất với vị trí hiện tại để người dùng theo dõi và lựa chọn sử dụng dịch vụ.","url_2f24a1b20627_1-1-thanh-to-n-chi-ph-thu-pin-xe-m-y-i-n-vinfast-qua-ng-d-ng-e-scooter_c001,url_5c078d94d02b_3-h-ng-d-n-s-d-ng-ng-d-ng-vinfast-cho-t-i-n-qu-n-l-t-nh-n-ng-pin-v-s-c_c001",approved,relational
"Cộng tổng quãng đường đi được sau một lần sạc đầy của ba mẫu có phạm vi di chuyển cao nhất (Evo200, Feliz S, Klara S 2022) là bao nhiêu km?","Evo200 đi 203km, Feliz S đi 198km, Klara S 2022 đi 194km. Tổng cộng 203 + 198 + 194 = 595km.","url_b0d0a73c8c59_1-1-xe-m-y-i-n-vinfast-evo200-i-c-203km-sau-m-t-l-n-s-c-y_c001,url_b0d0a73c8c59_1-2-xe-m-y-i-n-vinfast-feliz-s-i-c-198km-sau-m-t-l-n-s-c-y_c001,url_b0d0a73c8c59_1-3-xe-m-y-i-n-vinfast-klara-s-2022-i-c-194km-sau-m-t-l-n-s-c-y_c001",approved,aggregation
"Hệ thống trạm sạc VinFast được giới thiệu phủ sóng khoảng bao nhiêu cổng sạc trên cả nước, và nếu sạc 50 kWh tại trạm công cộng thì với đơn giá sạc hiện hành khách hàng phải trả khoảng bao nhiêu tiền (chưa tính phụ phí quá giờ)?","Hệ thống có khoảng hơn 150.000 cổng sạc phủ khắp 63 tỉnh thành. Đơn giá sạc là 3.210,9 đồng/kWh, nên sạc 50 kWh tốn khoảng 50 × 3.210,9 = 160.545 đồng (đã bao gồm VAT).","url_7954a1cb52ba_1-s-c-xe-i-n-vinfast-u_c001,url_7954a1cb52ba_2-chi-ph-s-c-xe-i-n-vinfast-t-i-c-c-tr-m-s-c-c-ng-c-ng-nh-th-n-o_c001",approved,multi_step
Nếu thuê 2 pin theo gói tròn tháng không giới hạn km thì rẻ hơn bao nhiêu mỗi tháng so với gói 2 pin 350.000 VNĐ/tháng?,Gói 2 pin không giới hạn km là 300.000 VNĐ/tháng; gói 2 pin còn lại là 350.000 VNĐ/tháng. Chênh lệch = 350.000 - 300.000 = 50.000 VNĐ/tháng (gói 300.000 rẻ hơn).,"url_ffcc76d02607_g-i-thu-pin-tr-n-th-ng-bao-g-m-vat_c001,url_ffcc76d02607_pin-v-tr-m-s-c-xe-m-y-i-n_c002",approved,comparison
"Trong quá trình bảo dưỡng định kỳ của VinFast, có một hạng mục mà cả ô tô điện VF e34 và xe máy điện VinFast đều cần kiểm tra. Hãy cho biết đó là hạng mục nào, và nêu mốc thay thế/kiểm tra cụ thể của hạng mục đó trên TỪNG loại xe (ô tô điện VF e34 và xe máy điện VinFast).","Hạng mục chung là hệ thống phanh (dầu phanh / hệ thống phanh). Trên ô tô điện VF e34: thay mới dầu phanh sau 24.000 km hoặc 24 tháng vận hành (tùy điều kiện nào đến trước), và kiểm tra hệ thống phanh tái sinh thường xuyên. Trên xe máy điện VinFast: hệ thống phanh (phanh trước, phanh sau, tay phanh) cần được kiểm tra sau mỗi 1.000 km; tay phanh cần được bôi trơn sau mỗi 6 tháng hoặc 5.000 km.","url_ce7fadbe4cec_1-2-b-o-d-ng-xe-t-i-n-vinfast_c001,url_ce7fadbe4cec_2-c-c-b-ph-n-c-n-b-o-d-ng-nh-k-tr-n-xe-m-y-i-n-vinfast_c001",approved,relational
"Nếu cộng phí gói thuê pin tháng cao nhất của VinFast VF 5 Plus với phí gói thuê pin tháng cao nhất của VinFast VF 9, tổng cộng là bao nhiêu tiền mỗi tháng?",Gói cao nhất của VF 5 Plus là 2.700.000 đồng/tháng (≥3.000km) và gói cao nhất của VF 9 là 6.500.000 đồng/tháng (≥3.500km). Tổng cộng 2.700.000 + 6.500.000 = 9.200.000 đồng/tháng.,"url_1e30ea766d3e_3-ch-nh-s-ch-thu-pin-xe-i-n-linh-ho-t-c-a-vinfast_c002,url_1e30ea766d3e_3-7-ch-nh-s-ch-thu-pin-i-v-i-vinfast-vf-9_c001",approved,aggregation
"Một chiếc xe ô tô tải VinFast có tổng khối lượng hàng chuyên chở 25 tấn, sản xuất được 10 năm: lệ phí kiểm định một lần là bao nhiêu và chu kỳ kiểm định là bao nhiêu tháng?",Lệ phí kiểm định: 570.000 VNĐ (xe tải trên 20 tấn). Chu kỳ kiểm định: 12 tháng (xe sản xuất từ 7 đến 20 năm).,"url_0b0f450f89e4_2-nh-ng-i-m-m-i-v-l-ph-ng-ki-m-xe-t-n-m-2024_c001,url_0b0f450f89e4_3-chu-k-ng-ki-m-xe-t-c-c-lo-i_c001",approved,multi_step
"Đối với mốc đi từ 1.500 km trở xuống mỗi tháng, phí thuê pin dòng VF 3 theo chính sách mới đã tăng thêm bao nhiêu tiền so với chính sách áp dụng từ ngày 05/06/2024?","Tăng thêm 200.000 đồng. Theo chính sách mới, VF 3 mốc ≤1.500 km/tháng là 1.100.000 đồng; theo chính sách từ 05/06/2024 là 900.000 đồng; chênh lệch là 1.100.000 - 900.000 = 200.000 đồng.","url_665d539547bb_ch-nh-s-ch-thu-pin_c001,url_665d539547bb_ch-nh-s-ch-thu-pin-t-05-06-2024-cho-c-c-d-ng-xe-t-i-n-t-i-khi-c-th-ng-b-o-m-i_c001",approved,comparison
"Công cụ 'Thẩm định vay trả góp' trên website VinFast phê duyệt trước hạn mức vay cùng ngân hàng nào, và khi sử dụng quy trình thẩm định vay đó khách hàng có thể chứng minh mức thu nhập của mình từ bao nhiêu nguồn thu khác nhau?","Công cụ 'Thẩm định vay trả góp' phê duyệt trước hạn mức vay cùng Techcombank. Khi thực hiện thẩm định vay (ở bước Xác định nguồn thu), khách hàng có thể chứng minh mức thu nhập từ 6 nguồn thu khác nhau, gồm: nguồn thu từ lương, cho thuê nhà, cho thuê xe, từ hộ kinh doanh, tự doanh công ty và lương hưu.","url_677777284d5f_vinfast-hi-n-c-nh-ng-c-ng-c-h-tr-kh-ch-h-ng-n-o_c001,url_677777284d5f_t-i-mu-n-th-m-nh-vay-mua-xe-t-vinfast-tr-g-p-th-l-m-th-n-o_c001",approved,relational
Tính tổng số mẫu xe máy điện VinFast được nêu là có trang bị tính năng chống trộm trong tài liệu hướng dẫn?,"Có 5 mẫu: VinFast Evo200, Evo200 Lite, Feliz S (nêu ở chunk c001) và VinFast Klara S (2022), Vento S (nêu ở chunk c002). Tổng cộng 5 mẫu.","url_6b586501f473_3-c-c-m-u-xe-m-y-i-n-vinfast-trang-b-t-nh-n-ng-ch-ng-tr-m_c001,url_6b586501f473_3-c-c-m-u-xe-m-y-i-n-vinfast-trang-b-t-nh-n-ng-ch-ng-tr-m_c002",approved,aggregation
"Theo các tài liệu, dịch vụ cứu hộ pin VinFast cần được gọi khi xe cách trạm sạc công cộng gần nhất bao xa, và xe cứu hộ pin chỉ hỗ trợ trong phạm vi bán kính bao nhiêu km tính từ cửa ngõ 3 thành phố?",Cần gọi cứu hộ khi xe cách trạm sạc công cộng gần nhất hơn 10km. Xe cứu hộ pin VinFast hỗ trợ trong phạm vi bán kính 100km tính từ cửa ngõ 3 thành phố.,"url_25673e8ecccb_1-khi-n-o-c-n-g-i-c-u-h-xe-vinfast_c001,url_25673e8ecccb_2-a-i-m-thu-n-ti-n-g-i-c-u-h-pin-xe-i-n-vinfast_c001",approved,multi_step
So sánh chênh lệch giá giữa hai phiên bản VF 8 (Plus và Eco) khi không kèm pin với giá niêm yết của chiếc xe ô tô điện rẻ nhất trong các giải thưởng của chương trình 'Chuyển đổi xanh - Rinh ngay VF 7' - khoản nào lớn hơn?,"Chênh lệch giá VF 8 Plus và VF 8 Eco (không kèm pin) là 1.289.000.000 − 1.106.000.000 = 183.000.000 đồng (183 triệu). Xe ô tô điện rẻ nhất trong các giải thưởng là VinFast VF 3, trị giá 299 triệu đồng. Vậy giá VF 3 (299 triệu) lớn hơn khoản chênh lệch giữa hai bản VF 8 (183 triệu).","url_44b5f1b8f060_2-vinfast-vf-8-gi-bao-nhi-u-gi-xe-vf-8-ni-m-y-t-v-l-n-b-nh-2024_c001,url_0b7e7f59ae8f_vinfast-t-ng-27-5-t-ng-cho-kh-ch-h-ng-mua-xe-m-y-i-n_c002",approved,comparison
"Theo VinFast, trụ sạc nhanh ô tô DC 30kW được lắp đặt tại những điểm như bến xe, bãi đỗ xe và trung tâm thương mại; những điểm lắp đặt này có nằm trong nhóm vị trí mà VinFast ưu tiên đặt trạm sạc ô tô điện trên toàn quốc hay không, và hãy nêu các vị trí ưu tiên đó?","Có, các điểm lắp đặt trụ sạc nhanh DC 30kW (bến xe, bãi đỗ xe, văn phòng, trung tâm thương mại) đều thuộc nhóm vị trí ưu tiên mà VinFast đặt trạm sạc ô tô điện. Các vị trí ưu tiên gồm: bãi đỗ xe, bến xe; trạm dừng nghỉ, trạm đổ xăng dầu; trung tâm thương mại; chung cư, tòa nhà văn phòng; cao tốc, quốc lộ; và các địa điểm phù hợp khác trên toàn quốc.","url_d2a862334753_2-tr-m-s-c-vinfast-t-ti-u-chu-n-ch-u-u-an-to-n-cho-ng-i-s-d-ng_c002,url_d2a862334753_1-vinfast-v-k-ho-ch-ph-xanh-tr-m-s-c-kh-p-vi-t-nam_c001",approved,relational
"Theo chính sách bảo hành VinFast, xe VF 8 được bảo hành chính xe 10 năm hoặc 200.000 km; vậy pin cao áp mua theo xe mới của VF 8 được bảo hành bao lâu, và phụ kiện chính hãng (loại không phải móc kéo/bậc lên xuống/giá đỡ hành lý) được bảo hành bao lâu?","Pin cao áp mua theo xe mới của VF 8 được bảo hành 10 năm hoặc 200.000 km (tùy điều kiện nào đến trước). Phụ kiện chính hãng (không gồm móc kéo xe, bậc lên xuống xe, giá đỡ hành lý) được bảo hành 2 năm không giới hạn số km kể từ ngày mua.","url_7f921895430c_s-b-o-h-nh-xe-m-y-i-n-pin-kh-c_c001,url_7f921895430c_s-b-o-h-nh-xe-m-y-i-n-pin-kh-c_c005",approved,aggregation
Mẫu ô tô điện VinFast nào có thể dùng bộ sạc di động 2.2kW và 3.5kW lại đồng thời là mẫu được mô tả có hệ thống 8 loa ở bản Eco và 10 loa ở bản Plus?,"Đó là VinFast VF 8. Bộ sạc di động 2.2kW và 3.5kW dùng cho các dòng đang mở bán gồm VF e34, VF 8 và VF 9; trong đó VF 8 là mẫu được mô tả có hệ thống 8 loa (bản Eco) và 10 loa (bản Plus).","url_55a1dfb5ff8e_2-l-u-trong-l-n-u-s-d-ng-b-s-c-di-ng-t-i-n-vinfast-t-i-nh_c001,url_3e11bd7e6344_4-xe-t-i-n-vinfast-vf-8_c001",approved,multi_step
"Dịch vụ cứu hộ pin ô tô điện VinFast 24/7 được triển khai trong phạm vi bán kính 100km tính từ cửa ngõ 3 thành phố. Vậy trong số 3 thành phố đó, thành phố nào KHÔNG nằm trong danh sách 5 thành phố lớn được áp dụng dịch vụ sửa chữa lưu động (VinFast Mobile Service)?","Cả 3 thành phố của dịch vụ cứu hộ pin (Hà Nội, Đà Nẵng, Hồ Chí Minh) đều nằm trong danh sách 5 thành phố áp dụng Mobile Service (Hà Nội, TP. Hồ Chí Minh, Hải Phòng, Đà Nẵng, Cần Thơ). Do đó KHÔNG có thành phố nào trong 3 thành phố cứu hộ pin bị thiếu khỏi danh sách Mobile Service.","url_3ad37555f8c4_1-3-d-ch-v-c-u-h-pin-t-i-n-vinfast-24-7_c001,url_3ad37555f8c4_1-2-d-ch-v-s-a-ch-a-l-u-ng-vinfast-mobile-service_c001",approved,comparison
"Theo các tài liệu về xe máy điện VinFast, hãy liệt kê đầy đủ các mốc thời hạn bảo hành được nêu: thời hạn bảo hành tổng thể cho cả chiếc xe máy điện, thời hạn bảo hành riêng cho Pin, và thời hạn bảo hành riêng cho Ắc quy chì a-xít lần lượt là bao nhiêu?","Thời hạn bảo hành tổng thể cho Xe Máy Điện VinFast là 5 năm (không giới hạn km). Trong đó, Pin có thời hạn bảo hành 3 năm và Ắc quy chì a-xít có thời hạn bảo hành 1 năm.","url_bc565884e819_c-u-h-i-th-ng-g-p-v-xe-m-y-i-n-vinfast_c002,url_bc565884e819_i-u-ki-n-v-quy-nh-b-o-h-nh-ph-t-ng-xe-m-y-i-n-vinfast-nh-th-n-o_c001",approved,aggregation
"Khi nâng cấp từ VinFast Feliz lên Feliz S, tốc độ tối đa tăng thêm bao nhiêu km/h, và đồng thời khối lượng xe thay đổi như thế nào?","Tốc độ tối đa tăng từ 60 km/h (Feliz) lên 78 km/h (Feliz S), tức tăng 18 km/h. Khối lượng giảm từ 126 kg (Feliz, gồm ắc quy) xuống 110 kg (Feliz S, gồm pin LFP), tức nhẹ hơn 16 kg.","url_7ac9bfdac40c_2-1-ng-c-xe-m-y-i-n-vinfast-feliz-v-feliz-s_c001,url_7ac9bfdac40c_so-s-nh-xe-m-y-i-n-vinfast-feliz-v-feliz-s-m-i-nh-t_c002",approved,multi_step
"So sánh quãng đường di chuyển: sau khi được cứu hộ pin ô tô điện VinFast (sạc 15 phút), xe đi được khoảng bao nhiêu km tới điểm sạc gần nhất, và con số đó so với quãng đường mà một bộ pin xe máy điện không có bàn đạp (công suất 2,7 đến 3,6kg) đi được thì cái nào ngắn hơn?","Cứu hộ pin VinFast: sạc 15 phút đủ đi khoảng 30km. Pin xe máy điện không bàn đạp (2,7-3,6kg) đi được 32km ở tốc độ 32km/h. Vậy 30km (sau cứu hộ pin) ngắn hơn 32km (pin xe máy điện không bàn đạp).","url_3ad37555f8c4_1-3-d-ch-v-c-u-h-pin-t-i-n-vinfast-24-7_c001,url_90e408979c97_nh-ng-y-u-t-nh-gi-pin-i-n_c001",approved,comparison
"Cộng gộp các trạm sạc được liệt kê trong bảng tổng hệ thống trạm sạc VinFast Hà Nội (mở đầu bằng quận Cầu Giấy) và bảng trạm sạc quận Ba Đình, có tất cả bao nhiêu trạm sạc phục vụ đồng thời cả ô tô điện lẫn xe máy điện, và đó là những trạm nào?",Có 3 trạm phục vụ đồng thời cả ô tô điện và xe máy điện. Trong bảng quận Cầu Giấy có 2 trạm: Trung tâm thương mại Big C Thăng Long và Chung cư Discovery Complex hầm B3. Trong bảng quận Ba Đình có 1 trạm: Vincom Center Metropolis. Tổng cộng 3 trạm.,"url_aae5676e6175_2-danh-s-ch-h-th-ng-tr-m-s-c-vinfast-h-n-i_c001,url_aae5676e6175_2-1-danh-s-ch-tr-m-s-c-vinfast-qu-n-ba-nh-tp-h-n-i_c001",approved,aggregation
"Theo báo cáo về Tổ hợp sản xuất ô tô VinFast tại Cát Hải - Hải Phòng, loại rủi ro thiên nhiên nào được xếp ở mức cao với tần suất dự kiến từ ba đến năm lần mỗi năm, và đặc điểm vị trí nào của dự án (về phần giáp biển và diện tích lấn biển) giải thích vì sao rủi ro này lại đáng kể đến vậy?","Rủi ro thiên nhiên ở mức cao là bão và ngập lụt do bão, với tần suất dự kiến từ ba đến năm cơn bão hoặc hệ thống áp thấp nhiệt đới mỗi năm (có đê bảo vệ nhưng vẫn còn đe dọa). Đặc điểm vị trí giải thích cho rủi ro này: dự án nằm trên đảo Cát Hải với khoảng 335ha, trong đó 145ha là diện tích lấn biển, phía Nam giáp biển, khu vực tương đối bằng phẳng, hệ thống thoát nước kém và mực nước ngầm nông.","url_b694fad2baba_3-ti-n-v-hi-n-tr-ng-th-c-hi-n-d-n_c003,url_b694fad2baba_2-th-ng-tin-chung-c-a-d-n_c001",approved,multi_step
"Trong các bảng danh mục bảo dưỡng định kỳ, dung dịch làm mát động cơ được quy định thay thế ở hai mốc khác nhau tùy bảng. Hai mốc quãng đường đó là bao nhiêu và chênh lệch giữa chúng là bao nhiêu km?",Một bảng quy định thay dung dịch làm mát động cơ sau mỗi 240.000Km hoặc 5 năm; bảng còn lại quy định thay sau mỗi 100.000Km hoặc 36 tháng. Chênh lệch giữa hai mốc quãng đường là 240.000 - 100.000 = 140.000Km.,"url_9b3f117fc554_danh-m-c-b-o-d-ng-nh-k_c003,url_9b3f117fc554_danh-m-c-b-o-d-ng-nh-k_c005",approved,comparison
Hãy liệt kê đầy đủ tên các mẫu ô tô điện (loại 4 bánh) mà VinFast đem trao làm giải thưởng trong chương trình 'Chuyển đổi xanh - Rinh ngay VF 7'; trong số những mẫu này có mẫu VinFast VF 8 đang được bán với 2 phiên bản Eco và Plus không?,"Các mẫu ô tô điện được trao làm giải thưởng gồm 3 mẫu: VinFast VF 7 Eco, VinFast VF 5 Plus và VinFast VF 3. VinFast VF 8 (mẫu SUV hạng D có 2 phiên bản Eco và Plus, giá khởi điểm từ 1,106 tỷ đồng) KHÔNG nằm trong danh sách giải thưởng của chương trình.","url_0b7e7f59ae8f_vinfast-t-ng-27-5-t-ng-cho-kh-ch-h-ng-mua-xe-m-y-i-n_c001,url_44b5f1b8f060_t-ng-quan-t-i-n-vinfast-vf-8-2024-th-ng-s-gi-b-n-u-i-chi-ti-t_c001",approved,aggregation
"Loại sạc treo tường (gắn tường) mà VinFast chính thức bán cho ô tô điện có giá bao nhiêu, và với loại sạc đó thì sạc từ 10% tới 70% mất khoảng bao lâu?","Loại sạc treo tường VinFast chính thức bán là bộ sạc 7,4kW, có giá 10,8 triệu đồng (đã bao gồm VAT). Với loại sạc tại nhà 7,4kW này, thời gian sạc từ 10% tới 70% là khoảng 220 phút.","url_8eb05fc580e3_c-u-h-i-th-ng-g-p-v-thu-pin-v-s-c-pin-t-i-n-vinfast_c002,url_8eb05fc580e3_th-i-gian-s-c-c-a-c-c-lo-i-s-c-t-i-n-vinfast-vf-nerio-green-nh-th-n-o_c001",approved,multi_step
"Theo bài viết về bảo hiểm bắt buộc ô tô, mức phí bảo hiểm trách nhiệm dân sự được giới thiệu dao động từ 437.000 đến 4.850.000 VNĐ; vậy trong bảng mức phí cụ thể, loại xe ô tô không kinh doanh vận tải dưới 6 chỗ ngồi có nằm ở mức thấp nhất của khoảng phí này không?","Có. Khoảng phí được giới thiệu là từ 437.000 đến 4.850.000 VNĐ, và trong bảng mức phí cụ thể, loại xe ô tô không kinh doanh vận tải dưới 6 chỗ ngồi có mức phí 437.000 VNĐ — trùng đúng với cận dưới (mức thấp nhất) của khoảng phí này.","url_205448e5c229_ph-b-o-hi-m-b-t-bu-c-t-v-tr-ch-nhi-m-d-n-s-m-i-nh-t_c001,url_205448e5c229_3-m-c-ph-b-o-hi-m-b-t-bu-c-t_c001",approved,comparison
"VinFast triển khai mấy dịch vụ cứu hộ/hậu mãi cho ô tô điện, hãy liệt kê đầy đủ tên các dịch vụ đó; và trong số đó, dịch vụ nào áp dụng một mức phí cố định, mức phí là bao nhiêu?","VinFast triển khai 3 dịch vụ cho ô tô điện: (1) Dịch vụ cứu hộ VinFast 24/7, (2) Dịch vụ sửa chữa lưu động (VinFast Mobile Service), và (3) Dịch vụ cứu hộ pin ô tô điện VinFast 24/7. Trong ba dịch vụ này, chỉ dịch vụ cứu hộ pin ô tô điện áp dụng một mức phí cố định là 300.000 VNĐ (sạc 15 phút đủ đi khoảng 30km tới điểm sạc gần nhất). Hai dịch vụ còn lại không có mức phí cố định: cứu hộ 24/7 được miễn phí trong thời gian bảo hành, còn Mobile Service là dịch vụ gia tăng đặt lịch theo nhu cầu.","url_3ad37555f8c4_1-1-d-ch-v-c-u-h-vinfast-24-7_c001,url_3ad37555f8c4_1-2-d-ch-v-s-a-ch-a-l-u-ng-vinfast-mobile-service_c001,url_3ad37555f8c4_1-3-d-ch-v-c-u-h-pin-t-i-n-vinfast-24-7_c001",approved,aggregation
"Đối với trụ sạc công suất cao nhất trong các loại sạc của VinFast (300 kW), nút dừng sạc khẩn cấp khi có sự cố nằm ở đâu, và sau khoảng 18 phút sạc thì xe đi được quãng đường khoảng bao nhiêu?","Trụ sạc siêu nhanh 300 kW (Superchargers 300 kW) là loại công suất cao nhất. Nút dừng sạc khẩn cấp của trụ sạc siêu nhanh 150kW và 300kW nằm ngay bên hông của trụ sạc. Sau khoảng 18 phút sạc, xe đi được khoảng 180 km.","url_8eb05fc580e3_c-u-h-i-th-ng-g-p-v-thu-pin-v-s-c-pin-t-i-n-vinfast_c001,url_8eb05fc580e3_th-i-gian-s-c-c-a-c-c-lo-i-s-c-t-i-n-vinfast-vf-nerio-green-nh-th-n-o_c001",approved,multi_step
"Khi mua một chiếc ô tô điện chạy pin mới đăng ký lần đầu vào tháng 1/2024, lệ phí trước bạ phải đóng là bao nhiêu phần trăm, và con số đó chênh lệch thế nào so với mức lệ phí trước bạ áp dụng cho ô tô đã qua sử dụng?",Ô tô điện chạy pin đăng ký lần đầu tháng 1/2024 (nằm trong giai đoạn 1/3/2022–28/2/2025) chịu mức lệ phí trước bạ 0%. Ô tô đã qua sử dụng chịu mức 2%. Vì vậy ô tô điện mới này thấp hơn 2 điểm phần trăm so với xe đã qua sử dụng (0% so với 2%).,"url_6b29d37e1ba6_2-1-thu-tr-c-b-t-bao-nhi-u-ph-n-tr-m-theo-quy-nh-m-i_c001,url_6b29d37e1ba6_2-2-m-c-thu-l-ph-tr-c-b-i-v-i-v-i-t-ch-c-c-nh-n-mua-t-qua-s-d-ng_c001",approved,comparison
"Đối với những dòng xe máy điện VinFast áp dụng phương thức thanh toán phí thuê pin trả trước, hãy liệt kê đầy đủ các dòng xe đó và nêu hai hình thức (kênh) mà khách hàng có thể dùng để thanh toán chi phí thuê pin theo hướng dẫn của VinFast.","Các dòng xe máy điện áp dụng thanh toán trả trước gồm: Ludo, Impes, Klara S và Theon. Hai hình thức/kênh thanh toán chi phí thuê pin là: (1) thanh toán qua ứng dụng VinFast E-Scooter trên điện thoại, và (2) thanh toán trực tiếp tại hệ thống Showroom và đại lý ủy quyền VinFast.","url_2f24a1b20627_1-3-m-t-s-l-u-khi-thanh-to-n-chi-ph-thu-pin-xe-m-y-i-n-vinfast_c001,url_2f24a1b20627_1-1-thanh-to-n-chi-ph-thu-pin-xe-m-y-i-n-vinfast-qua-ng-d-ng-e-scooter_c001,url_2f24a1b20627_1-2-thanh-to-n-chi-ph-tr-c-ti-p-t-i-c-c-showroom-i-l-y-quy-n-vinfast_c001",approved,aggregation
"Khi xe ô tô điện VinFast gặp sự cố phải kéo xe, dịch vụ cứu hộ 24/7 được miễn phí dựa trên điều kiện/mốc bảo hành nào; còn nếu xe chỉ hết pin trên đường thì khách hàng phải trả bao nhiêu tiền và được sạc trong bao lâu?","Dịch vụ cứu hộ VinFast 24/7 (kéo xe) được miễn phí trong suốt thời gian bảo hành, và VinFast áp dụng mức bảo hành 10 năm hoặc 200.000km (tùy điều kiện nào đến trước) cho tất cả các dòng ô tô. Ngược lại, nếu xe chỉ hết pin trên đường thì dùng dịch vụ cứu hộ pin ô tô điện với mức phí 300.000 VNĐ, được sạc trong 15 phút (đủ đi khoảng 30km tới điểm sạc gần nhất).","url_3ad37555f8c4_1-1-d-ch-v-c-u-h-vinfast-24-7_c001,url_3ad37555f8c4_1-3-d-ch-v-c-u-h-pin-t-i-n-vinfast-24-7_c001",approved,multi_step
